{
    "providers": {
        "AraAdminDev": "https://ara-admin-dev.unilever.com/services",
        "AraAdminQA": "https://ara-admin-qa.unilever.com/services",
        "AraAdminTest": "https://ara-admin-test.unilever.com/services",
        "AraAdminRegression": "https://ara-admin-regression.unilever.com/services",
        "AraAdminTraining": "https://ara-admin-training.unilever.com/services",
        "AraAdminProduction": "https://ara-admin.unilever.com/services",
        "AraDct": "https://ara-pref-dc-dev.unilever.com/services/"
    },
    "msalConfig": {
        "tenant": "f66fae02-5d36-495b-bfe0-78a6ff9f8e6e",
        "clientIdDev": "0cfe1f98-00f0-4087-9eb1-bc077b311332",
        "clientIdTest": "f52e2cbc-01b9-4cf2-9c75-9448bbe6efc8",
        "clientIdQA": "035998cf-a903-4a09-8417-b2bc96f35796",
        "clientIdRegression": "0cb883f0-9b9b-4648-a5b5-b37653bba0af",
        "clientIdTraining": "48f92423-3cb5-4360-af5a-f462f23de1ce",
        "clientIdProduction": "37eb5b50-d077-400e-8f61-6ba037b57337"
    }
}