{
    "extends": "../tslint.json",
    "rules": {
        "component-selector": [
            false,
            "element",
            "app"
        ],
        "directive-selector": [
            false,
            "attribute",
            "app",
            "camelCase"
        ],
        "eofline": false,
        "indent": [
            true, 
            "spaces", 
            4
        ],
        "max-line-length": [
            true,
            {
                "limit": 300
            }
        ],        
        "member-ordering": false,
        "no-inferrable-types": false,
        "one-line": [
            false, 
            "check-catch", 
            "check-finally", 
            "check-else"
        ],
        "quotemark": false,
        "triple-equals": false
    }
}
    